Naziv usluge;Maloprodajna cijena;Poseban oblik prodaje (DA/NE);Naziv posebnog oblika prodaje;Cijena 10.9.2026.
Grah varivo + kobasica;6,70;NE;;6,70
Batak-zabatak sa žara + pečeni krumpir;7,00;NE;;7,00
Mesne okruglice u umaku od kopra + zelena tjestenina;7,00;NE;;7,00
Kotleti u umaku od senfa + riža;7,00;NE;;7,00
Mađarski gulaš;7,00;NE;;7,00
Paprikaš od divljači + tijesto;8,00;NE;;8,00
Pohane palačinke + pomfrit;7,00;NE;;7,00
Pureći medaljoni u umaku od pršuta i kadulje + riža;8,00;NE;;8,00
Teleći gulaš s njokama;9,00;NE;;9,00
Svinjska rebarca u BBQ umaku + restani krumpir;7,00;NE;;7,00
Tjestenina s piletinom u umaku od povrća;7,00;NE;;7,00
Kosani odrezak + pire krumpir/špinat;7,00;NE;;7,00
Istarski gulaš + palenta;8,00;NE;;8,00
Ćevapi u lepinji;7,00;NE;;7,00
Budapest rolica + pečeni krumpir;7,00;NE;;7,00
Riggatoni s raguom od kobasica i gljiva;7,00;NE;;7,00
Pržene lignje + pommes;9,00;NE;;9,00
Oslić bez glave na mlinarski + krumpir salata;8,00;NE;;8,00
Pileći sote + tijesto;7,00;NE;;7,00
Kotleti u pizzaiola umaku + riža;7,00;NE;;7,00
